Blast Furnace Slag,Fly Ash,Superplasticizer,Age,Strength,cement_water_ratio,average_aggregate
42.1,163.8,5.7,3.0,7.75,0.922695052127024,919.4
42.1,163.8,5.7,14.0,17.82,0.922695052127024,919.4
42.1,163.8,5.7,28.0,24.24,0.922695052127024,919.4
42.1,163.8,5.7,56.0,32.85,0.922695052127024,919.4
42.1,163.8,5.7,100.0,39.23,0.922695052127024,919.4
98.1,24.5,6.9,3.0,18.0,1.1761144744083654,925.6
98.1,24.5,6.9,14.0,30.39,1.1761144744083654,925.6
98.1,24.5,6.9,28.0,45.71,1.1761144744083654,925.6
98.1,24.5,6.9,56.0,50.77,1.1761144744083654,925.6
98.1,24.5,6.9,100.0,53.9,1.1761144744083654,925.6
98.1,24.5,6.7,3.0,13.18,1.1766648321408917,925.75
98.1,24.5,6.7,14.0,17.84,1.1766648321408917,925.75
98.1,24.5,6.7,28.0,40.23,1.1766648321408917,925.75
98.1,24.5,6.7,56.0,47.13,1.1766648321408917,925.75
98.1,24.5,6.7,100.0,49.97,1.1766648321408917,925.75
45.2,122.0,8.2,3.0,7.32,1.0693301997649824,920.05
45.2,122.0,8.2,14.0,21.5,1.0693301997649824,920.05
45.2,122.0,8.2,28.0,31.27,1.0693301997649824,920.05
45.2,122.0,8.2,56.0,43.5,1.0693301997649824,920.05
45.2,122.0,8.2,100.0,48.67,1.0693301997649824,920.05
42.2,124.3,10.8,3.0,7.4,1.0669614655716992,938.5
42.2,124.3,10.8,14.0,23.51,1.0669614655716992,938.5
42.2,124.3,10.8,28.0,31.12,1.0669614655716992,938.5
42.2,124.3,10.8,56.0,39.15,1.0669614655716992,938.5
42.2,124.3,10.8,100.0,48.15,1.0669614655716992,938.5
97.8,24.5,11.2,3.0,30.45,1.7249533291848165,922.1
97.8,24.5,11.2,14.0,47.71,1.7249533291848165,922.1
97.8,24.5,11.2,28.0,63.14,1.7249533291848165,922.1
97.8,24.5,11.2,56.0,66.82,1.7249533291848165,922.1
97.8,24.5,11.2,100.0,66.95,1.7249533291848165,922.1
54.6,123.8,11.9,3.0,27.42,1.549715909090909,934.2
54.6,123.8,11.9,14.0,35.96,1.549715909090909,934.2
54.6,123.8,11.9,28.0,55.51,1.549715909090909,934.2
54.6,123.8,11.9,56.0,61.99,1.549715909090909,934.2
54.6,123.8,11.9,100.0,63.53,1.549715909090909,934.2
53.8,121.9,9.6,3.0,18.02,1.3811053984575836,897.45
53.8,121.9,9.6,14.0,38.6,1.3811053984575836,897.45
53.8,121.9,9.6,28.0,52.2,1.3811053984575836,897.45
53.8,121.9,9.6,56.0,53.96,1.3811053984575836,897.45
53.8,121.9,9.6,100.0,56.63,1.3811053984575836,897.45
17.2,158.0,20.8,28.0,55.65,2.377245508982036,800.0
17.5,163.0,17.9,28.0,47.28,1.9940119760479045,824.0
17.6,158.0,15.3,28.0,44.33,1.7671957671957672,800.0
116.0,119.0,5.7,28.0,29.16,0.7880434782608695,856.5
128.0,122.0,6.4,28.0,39.4,0.8791208791208791,851.5
180.0,95.0,9.5,28.0,67.87,1.572327044025157,830.0
180.0,120.0,10.4,28.0,76.24,1.6975308641975309,797.5
128.5,132.1,8.1,3.0,19.42,0.9423186750428328,876.2
129.8,118.6,3.6,3.0,20.73,0.989438576987215,877.05
129.9,128.6,7.8,3.0,14.94,0.953846153846154,876.45
13.6,172.4,4.1,3.0,21.29,1.0994897959183674,931.35
50.1,173.5,6.5,3.0,23.08,1.0527912621359223,899.85
75.4,167.0,7.9,3.0,15.52,1.0182926829268293,888.7
93.4,159.9,9.7,3.0,15.82,1.0087057457922228,876.9000000000001
128.5,132.1,8.1,14.0,33.09,0.9423186750428328,876.2
129.8,118.6,3.6,14.0,34.24,0.989438576987215,877.05
129.9,128.6,7.8,14.0,31.81,0.953846153846154,876.45
13.6,172.4,4.1,14.0,29.75,1.0994897959183674,931.35
50.1,173.5,6.5,14.0,33.01,1.0527912621359223,899.85
75.4,167.0,7.9,14.0,32.9,1.0182926829268293,888.7
93.4,159.9,9.7,14.0,29.55,1.0087057457922228,876.9000000000001
128.5,132.1,8.1,28.0,46.39,0.9423186750428328,876.2
129.8,118.6,3.6,28.0,39.16,0.989438576987215,877.05
129.9,128.6,7.8,28.0,41.2,0.953846153846154,876.45
13.6,172.4,4.1,28.0,33.69,1.0994897959183674,931.35
50.1,173.5,6.5,28.0,38.2,1.0527912621359223,899.85
75.4,167.0,7.9,28.0,41.41,1.0182926829268293,888.7
93.4,159.9,9.7,28.0,37.81,1.0087057457922228,876.9000000000001
128.5,132.1,8.1,56.0,53.72,0.9423186750428328,876.2
129.8,118.6,3.6,56.0,48.59,0.989438576987215,877.05
129.9,128.6,7.8,56.0,51.72,0.953846153846154,876.45
13.6,172.4,4.1,56.0,35.85,1.0994897959183674,931.35
50.1,173.5,6.5,56.0,53.77,1.0527912621359223,899.85
75.4,167.0,7.9,56.0,53.46,1.0182926829268293,888.7
93.4,159.9,9.7,56.0,48.99,1.0087057457922228,876.9000000000001
128.5,132.1,8.1,100.0,55.02,0.9423186750428328,876.2
129.8,118.6,3.6,100.0,49.99,0.989438576987215,877.05
129.9,128.6,7.8,100.0,53.66,0.953846153846154,876.45
13.6,172.4,4.1,100.0,37.68,1.0994897959183674,931.35
50.1,173.5,6.5,100.0,56.06,1.0527912621359223,899.85
75.4,167.0,7.9,100.0,56.81,1.0182926829268293,888.7
93.4,159.9,9.7,100.0,50.94,1.0087057457922228,876.9000000000001
24.0,79.0,11.6,28.0,57.03,2.753086419753086,839.5
24.0,79.0,11.6,28.0,44.42,2.753086419753086,839.5
24.0,79.0,11.6,28.0,51.02,2.753086419753086,839.5
24.0,79.0,10.3,28.0,53.39,2.753086419753086,839.5
24.0,79.0,11.6,3.0,35.36,2.753086419753086,839.5
24.0,79.0,11.6,3.0,25.02,2.753086419753086,839.5
24.0,79.0,11.6,3.0,23.35,2.753086419753086,839.5
24.0,79.0,11.6,7.0,52.01,2.753086419753086,839.5
24.0,79.0,11.6,7.0,38.02,2.753086419753086,839.5
24.0,79.0,11.6,7.0,39.3,2.753086419753086,839.5
24.0,79.0,11.6,56.0,61.07,2.753086419753086,839.5
24.0,79.0,11.6,56.0,56.14,2.753086419753086,839.5
24.0,79.0,11.6,56.0,55.25,2.753086419753086,839.5
24.0,79.0,10.3,56.0,54.77,2.753086419753086,839.5
20.0,94.0,14.3,28.0,50.24,2.464968152866242,891.5
20.0,94.0,13.9,28.0,46.68,2.464968152866242,891.5
20.0,94.0,11.6,28.0,46.68,2.464968152866242,891.5
20.0,94.0,14.3,3.0,22.75,2.464968152866242,891.5
20.0,94.0,13.9,3.0,25.51,2.464968152866242,891.5
20.0,94.0,11.6,3.0,34.77,2.464968152866242,891.5
20.0,94.0,14.3,7.0,36.84,2.464968152866242,891.5
20.0,94.0,13.9,7.0,45.9,2.464968152866242,891.5
20.0,94.0,11.6,7.0,41.67,2.464968152866242,891.5
20.0,94.0,14.3,56.0,56.34,2.464968152866242,891.5
20.0,94.0,13.9,56.0,47.97,2.464968152866242,891.5
20.0,94.0,11.6,56.0,61.46,2.464968152866242,891.5
19.0,97.0,13.1,28.0,44.03,2.4482758620689653,919.0
19.0,97.0,12.3,28.0,55.45,2.4482758620689653,919.0
26.0,123.0,3.9,28.0,55.55,2.3380952380952382,790.5
26.0,123.0,3.9,28.0,57.92,2.442786069651741,760.5
26.0,123.0,3.9,3.0,25.61,2.3380952380952382,790.5
26.0,123.0,3.9,7.0,33.49,2.3380952380952382,790.5
26.0,123.0,3.9,56.0,59.59,2.3380952380952382,790.5
26.0,123.0,3.9,3.0,29.55,2.442786069651741,760.5
26.0,123.0,3.9,7.0,37.92,2.442786069651741,760.5
26.0,123.0,3.9,56.0,61.86,2.442786069651741,760.5
22.0,132.0,8.5,28.0,62.05,2.3820224719101124,786.0
22.0,132.0,8.5,3.0,32.01,2.3820224719101124,816.0
22.0,132.0,8.9,28.0,72.1,2.523809523809524,786.0
22.0,132.0,8.5,7.0,39.0,2.3820224719101124,786.0
22.0,132.0,8.5,56.0,65.7,2.3820224719101124,786.0
22.0,132.0,8.9,3.0,32.11,2.523809523809524,786.0
22.0,132.0,8.9,7.0,40.29,2.523809523809524,786.0
22.0,132.0,8.9,56.0,74.36,2.523809523809524,786.0
11.0,141.0,1.7,28.0,21.97,0.9805825242718448,871.5
11.0,141.0,1.7,3.0,9.85,0.9805825242718448,871.5
11.0,141.0,1.7,7.0,15.07,0.9805825242718448,871.5
11.0,141.0,1.7,56.0,23.25,0.9805825242718448,871.5
15.0,141.0,5.5,28.0,43.73,1.5865921787709498,821.5
15.0,141.0,5.5,3.0,13.4,1.5865921787709498,821.5
15.0,141.0,5.5,7.0,24.13,1.5865921787709498,821.5
15.0,141.0,5.5,56.0,44.52,1.5865921787709498,821.5
19.0,141.0,10.9,28.0,62.94,2.331168831168831,871.5
19.0,141.0,10.9,28.0,59.49,2.331168831168831,871.5
19.0,141.0,10.9,3.0,25.12,2.331168831168831,871.5
19.0,141.0,10.9,3.0,23.64,2.331168831168831,871.5
19.0,141.0,10.9,7.0,35.75,2.331168831168831,871.5
19.0,141.0,10.9,7.0,38.61,2.331168831168831,871.5
19.0,141.0,10.9,56.0,68.75,2.331168831168831,871.5
19.0,141.0,10.9,56.0,66.78,2.331168831168831,871.5
105.0,82.0,9.0,28.0,37.17,1.3,792.0
190.0,148.0,19.0,28.0,33.76,0.905027932960894,789.5
144.0,112.0,10.0,28.0,16.5,0.7,790.5
115.0,89.0,9.0,28.0,19.99,0.7277227722772277,844.5
178.0,139.0,18.0,28.0,36.35,0.9047619047619048,819.5
143.0,111.0,22.0,28.0,33.69,1.8452380952380956,782.5
149.0,116.0,15.0,28.0,27.68,0.9085714285714286,836.5
167.0,130.0,11.0,28.0,44.61,0.8160919540229885,834.0
137.0,107.0,6.0,28.0,53.52,1.4825870646766168,766.5
129.0,100.0,9.0,28.0,52.82,1.627906976744186,815.0
97.0,76.0,8.0,28.0,33.4,1.2989690721649485,828.0
188.0,146.0,11.0,28.0,32.84,0.7881773399014779,769.5
121.0,94.0,9.0,28.0,41.94,1.5265957446808511,800.0
207.0,161.0,5.0,28.0,33.3,0.7374301675977654,801.5
164.0,128.0,6.0,28.0,35.23,0.7689125434391867,762.5
111.0,86.0,6.0,28.0,41.54,1.358974358974359,811.5
116.0,90.0,9.0,28.0,44.28,1.5333333333333334,819.0
139.0,109.0,6.0,28.0,23.69,0.772020725388601,836.0
100.0,78.0,9.0,28.0,32.4,1.2985074626865671,812.5
92.0,71.0,6.0,28.0,28.63,1.3016590913934805,774.0
145.0,113.0,8.0,28.0,25.56,0.8595505617977528,845.5
133.0,103.0,7.0,28.0,36.44,0.7,834.5
145.0,113.0,8.0,28.0,26.23,0.8595505617977528,845.5
111.0,86.0,5.0,28.0,33.72,1.3435897435897437,814.0
118.0,92.0,7.0,28.0,23.52,0.8142076502732241,866.5
169.0,143.0,8.0,28.0,29.72,0.7486910994764397,805.0
101.0,78.0,10.0,28.0,49.77,1.52046783625731,849.5
170.0,133.0,8.0,28.0,29.87,0.75,809.5
112.0,87.0,10.0,28.0,39.42,1.4943820224719102,827.5
145.0,113.0,8.0,28.0,46.23,1.7541899441340782,779.5
136.0,106.0,7.0,28.0,26.14,0.8089887640449438,857.5
117.0,91.0,7.0,28.0,43.57,1.450261780104712,806.0
184.0,143.0,9.0,28.0,28.99,0.7989690721649485,789.5
162.0,126.0,10.0,28.0,29.07,0.7906976744186046,843.5
99.0,77.0,6.0,28.0,33.8,1.3492063492063493,834.0
207.0,172.0,10.0,28.0,39.84,0.75,730.0
196.0,98.0,6.0,28.0,26.97,0.6834170854271356,815.0
163.0,128.0,8.0,28.0,27.23,0.8324873096446701,801.0
214.0,164.0,10.0,28.0,30.65,0.801980198019802,750.0
214.0,152.0,9.0,28.0,33.05,0.785,761.5
153.0,194.0,8.0,28.0,24.58,0.7760416666666666,779.0
105.0,193.0,6.0,28.0,21.91,0.6887755102040817,804.0
209.0,161.0,7.0,28.0,30.88,0.7910447761194029,758.5
15.0,195.0,6.0,28.0,15.34,0.8181818181818182,865.0
174.0,185.0,7.0,28.0,24.34,0.6754385964912281,728.5
187.0,195.0,7.0,28.0,23.89,0.9027027027027028,767.0
86.0,190.0,6.0,28.0,22.93,0.863849765258216,773.0
178.0,187.0,7.0,28.0,29.41,0.7058823529411765,734.0
91.7,71.5,6.0,28.0,28.63,1.3011098681481668,774.15
145.0,113.0,8.0,28.0,25.56,0.857703081232493,845.3
132.6,103.3,7.4,28.0,36.44,0.6984523215177234,834.7
145.0,113.0,8.0,28.0,26.23,0.857703081232493,845.6
110.5,86.1,5.0,28.0,33.72,1.340327533265097,813.9000000000001
117.6,91.7,7.1,28.0,23.52,0.8146528157463094,866.8499999999999
169.4,142.7,8.4,28.0,29.73,0.7498689040377556,805.45
100.6,78.4,10.4,28.0,49.77,1.5234466588511135,849.3
170.2,132.6,8.5,28.0,29.87,0.75,809.7
112.3,87.5,10.4,28.0,39.42,1.4963462619449128,827.1
145.3,113.2,8.0,28.0,46.23,1.7551704863051985,779.6500000000001
136.3,106.2,7.5,28.0,26.15,0.8074115665356543,857.9
116.8,91.0,7.0,28.0,43.58,1.453305351521511,806.05
183.9,143.2,9.2,28.0,28.99,0.8008255933952527,789.05
161.6,125.8,10.4,28.0,29.07,0.7948717948717949,843.5
98.8,77.0,6.5,28.0,33.8,1.353658536585366,834.15
105.1,81.8,9.0,28.0,37.17,1.3009060562708632,791.85
190.1,148.1,18.8,28.0,33.76,0.9060402684563758,789.75
144.2,112.3,10.1,28.0,16.5,0.6978646069968196,790.55
114.6,89.3,8.8,28.0,19.99,0.7256067360079247,844.75
178.1,138.7,18.3,28.0,36.35,0.906268656716418,819.3
142.8,111.2,22.1,28.0,38.22,1.84684147794994,782.55
148.9,116.0,15.0,28.0,27.68,0.9057681324957167,836.5
166.6,129.7,10.9,28.0,44.61,0.8178674351585015,833.95
137.2,106.9,6.0,28.0,53.52,1.479384003974168,766.8499999999999
128.9,100.4,9.5,28.0,52.83,1.622969837587007,815.0
97.1,75.6,8.3,28.0,33.4,1.3008255933952528,828.45
188.0,146.4,11.3,28.0,35.31,0.7883858267716536,769.2
120.5,93.9,9.2,28.0,43.8,1.531449893390192,800.15
206.5,160.9,5.5,28.0,33.31,0.737842370039128,801.25
163.9,127.7,5.8,28.0,35.23,0.7672648737032455,762.1
111.0,86.5,5.9,28.0,41.54,1.3529411764705883,811.5
116.0,90.3,8.9,28.0,44.28,1.5389755011135855,819.2
139.4,108.6,6.1,28.0,23.7,0.7706279190451479,836.2
100.5,78.3,8.6,28.0,32.4,1.3005982053838483,813.0
189.2,103.21491523801495,10.1,3.0,34.4,2.1987066431510875,841.4000000000001
262.2,133.58042113187693,8.6,3.0,28.8,1.7851851851851852,829.35
106.3,79.68431758468509,16.5,3.0,33.4,2.768729641693811,869.6
106.3,92.6240801862844,18.6,3.0,36.3,2.807133421400264,869.85
93.8,97.4304508106485,23.4,3.0,29.0,2.059587169926393,812.3941293532339
118.8,79.36283605973188,8.9,3.0,37.8,2.622860298177802,816.8
117.2,83.35704045854652,6.033233830845772,3.0,40.2,3.4034833091436862,846.3
97.1,78.96414413315571,12.1,3.0,28.1,2.461051298290057,888.9000000000001
212.5,98.162603501353,14.3,3.0,25.2,2.047527296082209,866.25
94.7,90.4774716588288,11.4,3.0,41.1,2.7259158751696067,899.45
189.0,106.6972451754589,11.6,3.0,35.3,2.198908429351122,850.25
282.8,122.42752796654464,10.3,3.0,28.3,1.7611534276387375,801.3
151.2,129.1675099557176,15.9,3.0,28.6,2.46588693957115,869.65
200.9,118.05140616264352,11.2,3.0,24.4,1.978576364892882,904.15
177.0,95.08236343533189,11.1,3.0,39.3,2.360215053763441,796.4
189.0,107.19422096923776,22.0,3.0,40.6,2.6723783413296776,850.25
189.0,108.19459070296593,9.5,3.0,24.1,1.9319611206403655,850.25
189.2,103.21491523801495,10.1,7.0,46.2,2.1987066431510875,841.4000000000001
262.2,133.58042113187693,8.6,7.0,42.8,1.7851851851851852,829.35
106.3,79.68431758468509,16.5,7.0,49.2,2.768729641693811,869.6
106.3,92.6240801862844,18.6,7.0,46.8,2.807133421400264,869.85
93.8,97.4304508106485,23.4,7.0,45.7,2.059587169926393,812.3941293532339
118.8,79.36283605973188,8.9,7.0,55.6,2.622860298177802,816.8
117.2,83.35704045854652,6.033233830845772,7.0,54.9,3.4034833091436862,846.3
97.1,78.96414413315571,12.1,7.0,34.9,2.461051298290057,888.9000000000001
212.5,98.162603501353,14.3,7.0,33.4,2.047527296082209,866.25
94.7,90.4774716588288,11.4,7.0,54.1,2.7259158751696067,899.45
189.0,106.6972451754589,11.6,7.0,55.9,2.198908429351122,850.25
282.8,122.42752796654464,10.3,7.0,49.8,1.7611534276387375,801.3
151.2,129.1675099557176,15.9,7.0,47.1,2.46588693957115,869.65
200.9,118.05140616264352,11.2,7.0,38.0,1.978576364892882,904.15
177.0,95.08236343533189,11.1,7.0,56.1,2.360215053763441,796.4
189.0,107.19422096923776,22.0,7.0,59.09,2.6723783413296776,850.25
189.0,106.6972451754589,11.6,7.0,22.9,2.198908429351122,850.25
189.0,108.19459070296593,9.5,7.0,35.1,1.9319611206403655,850.25
189.2,103.21491523801495,10.1,28.0,61.09,2.1987066431510875,841.4000000000001
262.2,133.58042113187693,8.6,28.0,59.8,1.7851851851851852,829.35
106.3,79.68431758468509,16.5,28.0,60.29,2.768729641693811,869.6
106.3,92.6240801862844,18.6,28.0,61.8,2.807133421400264,869.85
93.8,97.4304508106485,23.4,28.0,56.7,2.059587169926393,812.3941293532339
118.8,79.36283605973188,8.9,28.0,68.3,2.622860298177802,816.8
117.2,83.35704045854652,6.033233830845772,28.0,66.9,3.4034833091436862,846.3
97.1,78.96414413315571,12.1,28.0,50.7,2.461051298290057,888.9000000000001
212.5,98.162603501353,14.3,28.0,55.5,2.047527296082209,866.25
94.7,90.4774716588288,11.4,28.0,68.5,2.7259158751696067,899.45
189.0,106.6972451754589,11.6,28.0,71.3,2.198908429351122,850.25
282.8,122.42752796654464,10.3,28.0,74.7,1.7611534276387375,801.3
151.2,129.1675099557176,15.9,28.0,52.2,2.46588693957115,869.65
200.9,118.05140616264352,11.2,28.0,67.7,1.978576364892882,904.15
177.0,95.08236343533189,11.1,28.0,66.0,2.360215053763441,796.4
189.0,107.19422096923776,22.0,28.0,74.5,2.6723783413296776,850.25
189.0,108.19459070296593,9.5,28.0,49.9,1.9319611206403655,850.25
189.2,103.21491523801495,10.1,56.0,63.4,2.1987066431510875,841.4000000000001
262.2,133.58042113187693,8.6,56.0,64.9,1.7851851851851852,829.35
106.3,79.68431758468509,16.5,56.0,64.3,2.768729641693811,869.6
106.3,92.6240801862844,18.6,56.0,64.9,2.807133421400264,869.85
93.8,97.4304508106485,23.4,56.0,60.2,2.059587169926393,812.3941293532339
118.8,79.36283605973188,8.9,56.0,72.3,2.622860298177802,816.8
117.2,83.35704045854652,6.033233830845772,56.0,69.3,3.4034833091436862,846.3
97.1,78.96414413315571,12.1,56.0,55.2,2.461051298290057,888.9000000000001
212.5,98.162603501353,14.3,56.0,66.1,2.047527296082209,866.25
94.7,90.4774716588288,11.4,56.0,73.7,2.7259158751696067,899.45
189.0,106.6972451754589,11.6,56.0,77.3,2.198908429351122,850.25
282.8,122.42752796654464,10.3,56.0,80.2,1.7611534276387375,801.3
151.2,129.1675099557176,15.9,56.0,54.9,2.46588693957115,869.65
200.9,118.05140616264352,11.2,56.0,72.99,1.978576364892882,904.15
177.0,95.08236343533189,11.1,56.0,71.7,2.360215053763441,796.4
189.0,107.19422096923776,22.0,56.0,79.4,2.6723783413296776,850.25
189.0,108.19459070296593,9.5,56.0,59.89,1.9319611206403655,850.25
189.2,103.21491523801495,10.1,91.0,64.9,2.1987066431510875,841.4000000000001
262.2,133.58042113187693,8.6,91.0,66.6,1.7851851851851852,829.35
106.3,79.68431758468509,16.5,91.0,65.2,2.768729641693811,869.6
106.3,92.6240801862844,18.6,91.0,66.7,2.807133421400264,869.85
93.8,97.4304508106485,23.4,91.0,62.5,2.059587169926393,812.3941293532339
118.8,79.36283605973188,8.9,91.0,74.19,2.622860298177802,816.8
117.2,83.35704045854652,6.033233830845772,91.0,70.7,3.4034833091436862,846.3
97.1,78.96414413315571,12.1,91.0,57.6,2.461051298290057,888.9000000000001
212.5,98.162603501353,14.3,91.0,68.1,2.047527296082209,866.25
94.7,90.4774716588288,11.4,91.0,75.5,2.7259158751696067,899.45
189.0,106.6972451754589,11.6,91.0,79.3,2.198908429351122,850.25
151.2,129.1675099557176,15.9,91.0,56.5,2.46588693957115,869.65
200.9,118.05140616264352,11.2,91.0,76.8,1.978576364892882,904.15
177.0,95.08236343533189,11.1,91.0,73.3,2.360215053763441,796.4
189.0,107.19422096923776,22.0,91.0,82.6,2.6723783413296776,850.25
189.0,108.19459070296593,9.5,91.0,67.8,1.9319611206403655,850.25
137.0,121.79137306523953,5.9,28.0,81.75,2.1724137931034484,937.5
50.0,103.44912586440265,3.0,28.0,39.38,2.2505,868.8000000000001
156.0,121.44225455911374,5.9,28.0,39.3,1.238095238095238,870.5
190.0,130.92493489706396,7.6,28.0,53.58,1.7484662576687116,858.0
119.0,123.8031571163938,9.0,28.0,59.0,2.225,859.0
140.0,108.39241529554756,6.0,28.0,33.42,1.4205607476635511,808.5
239.0,143.5271452603928,6.0,28.0,26.86,0.765,843.0
143.0,107.66304927280072,10.0,28.0,45.3,1.8452380952380956,859.0
164.0,104.28337449810874,5.0,28.0,57.21,1.6894736842105262,822.0
187.0,98.8732182659656,7.0,28.0,65.91,1.9162303664921465,790.5
243.0,146.35518656377045,11.0,28.0,37.36,0.8666666666666667,860.0
166.0,105.3911595428,9.0,28.0,61.23,1.8735632183908049,836.0
149.0,114.83799670926344,8.0,28.0,52.42,1.7311827956989247,830.0
121.0,105.26312884328712,7.0,28.0,42.13,1.6271186440677967,868.5
250.0,150.40683361622376,12.0,28.0,39.45,0.9523809523809524,868.5
260.0,124.7051905282488,13.0,28.0,37.91,0.907103825136612,843.0
187.0,133.42905777607052,11.0,28.0,32.76,0.9034090909090908,889.5
183.0,143.15371242561906,9.0,28.0,18.28,0.8031088082901554,872.0
230.0,116.29034308755088,3.0,28.0,33.06,0.7227722772277227,849.5
210.0,131.54997852968654,3.0,28.0,31.03,0.6785714285714286,872.0
145.0,101.4778760926892,8.0,28.0,44.39,1.7584269662921348,845.5
236.0,119.70468035800974,13.0,28.0,32.96,0.8465909090909091,870.0
145.0,129.01393310388477,8.0,28.0,19.01,0.8595505617977528,911.0
161.0,111.11965053477256,10.0,28.0,52.44,1.7584269662921348,838.0
120.0,113.57279957907627,7.0,28.0,40.93,1.6904761904761905,882.0
237.0,152.41300928691524,12.0,28.0,37.43,0.8620689655172413,872.0
170.0,97.0736656266712,8.0,28.0,56.61,1.6974358974358974,806.5
183.0,117.78842889336892,9.0,28.0,23.79,0.8031088082901554,872.5
145.0,100.67105656262186,8.0,28.0,44.52,1.719068757831896,911.0
173.0,129.8642373054604,3.0,28.0,23.74,0.8021978021978022,901.5
145.0,121.50309993393928,8.0,28.0,41.05,1.7584269662921348,845.5
134.0,110.45407436111634,6.0,28.0,46.24,1.482051282051282,842.0
175.0,130.8705683915186,2.0,28.0,26.92,0.8654970760233918,914.0
183.4,143.1510301114796,9.1,28.0,18.29,0.8008277289187791,872.0500000000001
230.5,116.20164796047712,3.4,28.0,32.72,0.7204938271604938,849.4
210.2,131.56968546071872,3.1,28.0,28.94,0.6801226366888095,872.3499999999999
145.0,101.29141549976116,8.0,28.0,40.93,1.7551820728291316,845.6
236.0,119.718212467871,12.6,28.0,32.96,0.8503981797497155,869.75
144.7,129.00826260782964,8.0,28.0,19.01,0.8573834924199887,910.95
160.5,111.1708170497568,9.6,28.0,52.45,1.7618243243243243,838.05
119.7,113.46190053544304,7.2,28.0,40.93,1.687462863933452,882.3
236.8,152.4968309820985,11.9,28.0,37.43,0.863060989643268,872.05
169.6,97.14136556215982,8.1,28.0,56.62,1.6957414058491531,806.65
183.4,117.78574657922948,9.1,28.0,23.79,0.8008277289187791,872.45
144.7,115.52416859204914,8.0,28.0,44.52,2.4564021995286724,910.95
172.6,129.97205550287188,3.4,28.0,23.74,0.8009895547003847,901.3
145.0,121.36113983843626,8.0,28.0,41.05,1.7551820728291316,845.3
133.7,110.46631821042462,5.5,28.0,46.25,1.482811698306824,842.1
175.1,130.77629543269578,2.2,28.0,26.92,0.8633177570093459,914.25
139.9,108.52173300965995,6.2,28.0,33.42,1.4220140515222484,809.0
238.7,143.61007722710536,6.3,28.0,26.86,0.763,842.8499999999999
142.8,107.6901266212507,10.0,28.0,45.3,1.8463371054198927,859.15
164.2,104.09691390518074,4.6,28.0,57.22,1.6866141732283466,822.0
187.0,98.80681971975736,6.6,28.0,65.91,1.913225300575013,790.5999999999999
243.5,146.38655348341646,10.7,28.0,37.36,0.8630061009428729,859.85
166.4,105.45925801037087,8.9,28.0,61.24,1.871264367816092,835.8
148.6,114.7328608259914,8.5,28.0,52.43,1.7357373519913886,830.25
121.0,105.012553486208,7.0,28.0,42.14,1.625704622322435,868.7
250.0,150.302906457926,12.2,28.0,39.46,0.9489311163895487,868.75
259.7,124.6807028296322,12.7,28.0,37.92,0.906113537117904,842.8
186.7,133.5351760521193,11.3,28.0,32.77,0.9060364464692484,889.25
110.62720063666676,96.7,4.5,3.0,11.58,1.1748547279450607,918.7
110.62720063666676,96.7,4.5,14.0,24.45,1.1748547279450607,918.7
110.62720063666676,96.7,4.5,28.0,24.89,1.1748547279450607,918.7
110.62720063666676,96.7,4.5,56.0,29.45,1.1748547279450607,918.7
110.62720063666676,96.7,4.5,100.0,40.71,1.1748547279450607,918.7
115.55484168714668,94.6,4.6,3.0,10.38,1.1814047498736735,899.6
115.55484168714668,94.6,4.6,14.0,22.14,1.1814047498736735,899.6
115.55484168714668,94.6,4.6,28.0,22.84,1.1814047498736735,899.6
115.55484168714668,94.6,4.6,56.0,27.66,1.1814047498736735,899.6
115.55484168714668,94.6,4.6,100.0,34.56,1.1814047498736735,899.6
102.65177242101754,100.5,7.5,3.0,12.45,1.1757246376811594,956.15
102.65177242101754,100.5,7.5,14.0,24.99,1.1757246376811594,956.15
102.65177242101754,100.5,7.5,28.0,25.72,1.1757246376811594,956.15
102.65177242101754,100.5,7.5,56.0,33.96,1.1757246376811594,956.15
102.65177242101754,100.5,7.5,100.0,37.34,1.1757246376811594,956.15
117.75217506729769,125.4,7.8,3.0,15.04,1.176434299814929,947.0
117.75217506729769,125.4,7.8,14.0,21.06,1.176434299814929,947.0
117.75217506729769,125.4,7.8,28.0,26.4,1.176434299814929,947.0
117.75217506729769,125.4,7.8,56.0,35.34,1.176434299814929,947.0
117.75217506729769,125.4,7.8,100.0,40.57,1.176434299814929,947.0
123.48764592332104,121.6,5.7,3.0,12.47,1.1763727121464225,918.45
123.48764592332104,121.6,5.7,14.0,20.92,1.1763727121464225,918.45
123.48764592332104,121.6,5.7,28.0,24.9,1.1763727121464225,918.45
123.48764592332104,121.6,5.7,56.0,34.2,1.1763727121464225,918.45
123.48764592332104,121.6,5.7,100.0,39.61,1.1763727121464225,918.45
128.48767567367997,118.3,4.6,3.0,10.03,1.1764705882352942,894.0
128.48767567367997,118.3,4.6,14.0,20.08,1.1764705882352942,894.0
128.48767567367997,118.3,4.6,28.0,24.48,1.1764705882352942,894.0
128.48767567367997,118.3,4.6,56.0,31.54,1.1764705882352942,894.0
128.48767567367997,118.3,4.6,100.0,35.34,1.1764705882352942,894.0
118.6004670051891,125.2,9.9,3.0,9.45,1.1754169240271772,945.35
118.6004670051891,125.2,9.9,14.0,22.72,1.1754169240271772,945.35
118.6004670051891,125.2,9.9,28.0,28.47,1.1754169240271772,945.35
118.6004670051891,125.2,9.9,56.0,38.56,1.1754169240271772,945.35
118.6004670051891,125.2,9.9,100.0,40.39,1.1754169240271772,945.35
137.69582117372204,163.3,4.5,3.0,10.76,0.9410764872521246,919.35
137.69582117372204,163.3,4.5,14.0,25.48,0.9410764872521246,919.35
137.69582117372204,163.3,4.5,28.0,21.54,0.9410764872521246,919.35
137.69582117372204,163.3,4.5,56.0,28.63,0.9410764872521246,919.35
137.69582117372204,163.3,4.5,100.0,33.54,0.9410764872521246,919.35
129.08817607661194,118.2,6.1,3.0,13.36,1.1767418032786885,892.8499999999999
129.08817607661194,118.2,6.1,14.0,22.32,1.1767418032786885,892.8499999999999
129.08817607661194,118.2,6.1,28.0,24.54,1.1767418032786885,892.8499999999999
129.08817607661194,118.2,6.1,56.0,31.35,1.1767418032786885,892.8499999999999
129.08817607661194,118.2,6.1,100.0,40.86,1.1767418032786885,892.8499999999999
115.13340045590564,94.1,7.0,3.0,19.93,1.275307980717729,898.45
115.13340045590564,94.1,7.0,14.0,25.69,1.275307980717729,898.45
115.13340045590564,94.1,7.0,28.0,30.23,1.275307980717729,898.45
115.13340045590564,94.1,7.0,56.0,39.59,1.275307980717729,898.45
115.13340045590564,94.1,7.0,100.0,44.3,1.275307980717729,898.45
106.17765472749306,95.7,5.5,3.0,13.82,1.3340448239060831,909.05
106.17765472749306,95.7,5.5,14.0,24.92,1.3340448239060831,909.05
106.17765472749306,95.7,5.5,28.0,29.22,1.3340448239060831,909.05
106.17765472749306,95.7,5.5,56.0,38.33,1.3340448239060831,909.05
106.17765472749306,95.7,5.5,100.0,42.35,1.3340448239060831,909.05
97.39714398658371,100.4,8.7,3.0,13.54,1.3339610797237915,955.7
97.39714398658371,100.4,8.7,14.0,26.31,1.3339610797237915,955.7
97.39714398658371,100.4,8.7,28.0,31.64,1.3339610797237915,955.7
97.39714398658371,100.4,8.7,56.0,42.55,1.3339610797237915,955.7
97.39714398658371,100.4,8.7,100.0,42.92,1.3339610797237915,955.7
98.00673103328675,100.4,10.4,3.0,13.33,1.3337515683814305,953.8
98.00673103328675,100.4,10.4,14.0,25.37,1.3337515683814305,953.8
98.00673103328675,100.4,10.4,28.0,37.4,1.3337515683814305,953.8
98.00673103328675,100.4,10.4,56.0,44.4,1.3337515683814305,953.8
98.00673103328675,100.4,10.4,100.0,47.74,1.3337515683814305,953.8
113.04501689471896,124.8,7.8,3.0,19.52,1.3333333333333333,942.45
113.04501689471896,124.8,7.8,14.0,31.35,1.3333333333333333,942.45
113.04501689471896,124.8,7.8,28.0,38.5,1.3333333333333333,942.45
113.04501689471896,124.8,7.8,56.0,45.08,1.3333333333333333,942.45
113.04501689471896,124.8,7.8,100.0,47.82,1.3333333333333333,942.45
117.66480478289452,121.6,6.7,3.0,15.44,1.332183908045977,917.45
117.66480478289452,121.6,6.7,14.0,26.77,1.332183908045977,917.45
117.66480478289452,121.6,6.7,28.0,33.73,1.332183908045977,917.45
117.66480478289452,121.6,6.7,56.0,42.7,1.332183908045977,917.45
117.66480478289452,121.6,6.7,100.0,45.84,1.332183908045977,917.45
122.11808553952808,118.3,5.8,3.0,17.22,1.3336870026525198,893.0500000000001
122.11808553952808,118.3,5.8,14.0,29.93,1.3336870026525198,893.0500000000001
122.11808553952808,118.3,5.8,28.0,29.65,1.3336870026525198,893.0500000000001
122.11808553952808,118.3,5.8,56.0,36.97,1.3336870026525198,893.0500000000001
122.11808553952808,118.3,5.8,100.0,43.58,1.3336870026525198,893.0500000000001
122.11808553952808,118.3,6.4,3.0,13.12,1.3336870026525198,893.0500000000001
122.11808553952808,118.3,6.4,14.0,24.43,1.3336870026525198,893.0500000000001
122.11808553952808,118.3,6.4,28.0,32.66,1.3336870026525198,893.0500000000001
122.11808553952808,118.3,6.4,56.0,36.64,1.3336870026525198,893.0500000000001
122.11808553952808,118.3,6.4,100.0,44.21,1.3336870026525198,893.0500000000001
134.0017498129979,167.0,7.6,3.0,13.62,1.0695754716981132,916.7
134.0017498129979,167.0,7.6,14.0,21.6,1.0695754716981132,916.7
134.0017498129979,167.0,7.6,28.0,27.77,1.0695754716981132,916.7
134.0017498129979,167.0,7.6,56.0,35.57,1.0695754716981132,916.7
134.0017498129979,167.0,7.6,100.0,45.37,1.0695754716981132,916.7
91.5418918939568,96.2,9.4,3.0,22.5,1.727543129089827,913.1
91.5418918939568,96.2,9.4,14.0,34.67,1.727543129089827,913.1
91.5418918939568,96.2,9.4,28.0,34.74,1.727543129089827,913.1
91.5418918939568,96.2,9.4,56.0,45.08,1.727543129089827,913.1
91.5418918939568,96.2,9.4,100.0,48.97,1.727543129089827,913.1
90.59734280333532,97.4,11.8,3.0,23.14,1.7254047322540476,924.75
90.59734280333532,97.4,11.8,14.0,41.89,1.7254047322540476,924.75
90.59734280333532,97.4,11.8,28.0,48.28,1.7254047322540476,924.75
90.59734280333532,97.4,11.8,56.0,51.04,1.7254047322540476,924.75
90.59734280333532,97.4,11.8,100.0,55.64,1.7254047322540476,924.75
92.53858472106424,95.6,8.9,3.0,22.95,1.724198250728863,907.15
92.53858472106424,95.6,8.9,14.0,35.23,1.724198250728863,907.15
92.53858472106424,95.6,8.9,28.0,39.94,1.724198250728863,907.15
92.53858472106424,95.6,8.9,56.0,48.72,1.724198250728863,907.15
92.53858472106424,95.6,8.9,100.0,52.04,1.724198250728863,907.15
86.29178570104341,99.9,12.4,3.0,21.02,1.7234770704996578,952.9
86.29178570104341,99.9,12.4,14.0,33.36,1.7234770704996578,952.9
86.29178570104341,99.9,12.4,28.0,33.94,1.7234770704996578,952.9
86.29178570104341,99.9,12.4,56.0,44.14,1.7234770704996578,952.9
86.29178570104341,99.9,12.4,100.0,45.37,1.7234770704996578,952.9
93.33069586676264,98.8,12.8,3.0,15.36,1.575585072738773,938.4
93.33069586676264,98.8,12.8,14.0,28.68,1.575585072738773,938.4
93.33069586676264,98.8,12.8,28.0,30.85,1.575585072738773,938.4
93.33069586676264,98.8,12.8,56.0,42.03,1.575585072738773,938.4
93.33069586676264,98.8,12.8,100.0,51.06,1.575585072738773,938.4
92.31466785303871,98.8,14.2,3.0,21.78,1.7245386192754613,938.4
92.31466785303871,98.8,14.2,14.0,42.29,1.7245386192754613,938.4
92.31466785303871,98.8,14.2,28.0,50.6,1.7245386192754613,938.4
92.31466785303871,98.8,14.2,56.0,55.83,1.7245386192754613,938.4
92.31466785303871,98.8,14.2,100.0,60.95,1.7245386192754613,938.4
101.36155848974886,125.1,12.0,3.0,23.52,1.7222609909281228,943.85
101.36155848974886,125.1,12.0,14.0,42.22,1.7222609909281228,943.85
101.36155848974886,125.1,12.0,28.0,52.5,1.7222609909281228,943.85
101.36155848974886,125.1,12.0,56.0,60.32,1.7222609909281228,943.85
101.36155848974886,125.1,12.0,100.0,66.42,1.7222609909281228,943.85
104.68332754019788,121.4,9.9,3.0,23.8,1.7247648902821318,915.55
104.68332754019788,121.4,9.9,14.0,38.77,1.7247648902821318,915.55
104.68332754019788,121.4,9.9,28.0,51.33,1.7247648902821318,915.55
104.68332754019788,121.4,9.9,56.0,56.85,1.7247648902821318,915.55
104.68332754019788,121.4,9.9,100.0,58.61,1.7247648902821318,915.55
109.72262296554209,117.5,9.5,3.0,21.91,1.7002288329519448,888.15
109.72262296554209,117.5,9.5,14.0,36.99,1.7002288329519448,888.15
109.72262296554209,117.5,9.5,28.0,47.4,1.7002288329519448,888.15
109.72262296554209,117.5,9.5,56.0,51.96,1.7002288329519448,888.15
109.72262296554209,117.5,9.5,100.0,56.74,1.7002288329519448,888.15
124.5023593578295,174.7,10.2,3.0,17.57,1.3804909560723513,914.95
124.5023593578295,174.7,10.2,14.0,33.73,1.3804909560723513,914.95
124.5023593578295,174.7,10.2,28.0,40.15,1.3804909560723513,914.95
124.5023593578295,174.7,10.2,56.0,46.64,1.3804909560723513,914.95
124.5023593578295,174.7,10.2,100.0,50.08,1.3804909560723513,914.95
125.02581218849524,174.2,11.7,3.0,17.37,1.3809831824062095,913.9
125.02581218849524,174.2,11.7,14.0,33.7,1.3809831824062095,913.9
125.02581218849524,174.2,11.7,28.0,45.94,1.3809831824062095,913.9
125.02581218849524,174.2,11.7,56.0,51.43,1.3809831824062095,913.9
125.02581218849524,174.2,11.7,100.0,59.3,1.3809831824062095,913.9
113.30382020254774,124.1,11.3,3.0,15.34,1.3810725552050471,936.8
113.30382020254774,124.1,11.3,14.0,26.05,1.3810725552050471,936.8
113.30382020254774,124.1,11.3,28.0,30.22,1.3810725552050471,936.8
113.30382020254774,124.1,11.3,56.0,37.27,1.3810725552050471,936.8
113.30382020254774,124.1,11.3,100.0,46.23,1.3810725552050471,936.8
71.51799135289752,59.0,1.9,28.0,57.23,3.3450704225352115,869.5
98.68170846729883,136.0,20.0,28.0,55.55,2.4367088607594938,835.5
121.21749933706484,125.2,9.9,3.0,12.55,1.1422569027611045,938.95
108.68660004461208,95.7,5.3,3.0,8.49,1.3034410844629822,903.05
127.54526701526186,174.2,11.7,3.0,15.61,1.3410804020100504,907.75
105.2582952432457,100.5,7.5,3.0,12.18,1.1439482961222092,949.9
120.41676311913989,118.3,5.8,3.0,11.98,1.3032659409020215,898.9499999999999
121.21749933706484,125.2,9.9,14.0,19.42,1.1422569027611045,938.95
108.68660004461208,95.7,5.3,14.0,24.66,1.3034410844629822,903.05
127.54526701526186,174.2,11.7,14.0,29.59,1.3410804020100504,907.75
105.2582952432457,100.5,7.5,14.0,24.28,1.1439482961222092,949.9
120.41676311913989,118.3,5.8,14.0,20.73,1.3032659409020215,898.9499999999999
121.21749933706484,125.2,9.9,28.0,24.85,1.1422569027611045,938.95
108.68660004461208,95.7,5.3,28.0,27.22,1.3034410844629822,903.05
127.54526701526186,174.2,11.7,28.0,44.64,1.3410804020100504,907.75
105.2582952432457,100.5,7.5,28.0,37.27,1.1439482961222092,949.9
120.41676311913989,118.3,5.8,28.0,33.27,1.3032659409020215,898.9499999999999
121.21749933706484,125.2,9.9,56.0,31.72,1.1422569027611045,938.95
108.68660004461208,95.7,5.3,56.0,39.64,1.3034410844629822,903.05
127.54526701526186,174.2,11.7,56.0,51.26,1.3410804020100504,907.75
105.2582952432457,100.5,7.5,56.0,43.39,1.1439482961222092,949.9
120.41676311913989,118.3,5.8,56.0,39.27,1.3032659409020215,898.9499999999999
121.21749933706484,125.2,9.9,100.0,33.56,1.1422569027611045,938.95
108.68660004461208,95.7,5.3,100.0,41.16,1.3034410844629822,903.05
127.54526701526186,174.2,11.7,100.0,52.96,1.3410804020100504,907.75
105.2582952432457,100.5,7.5,100.0,44.28,1.1439482961222092,949.9
120.41676311913989,118.3,5.8,100.0,40.15,1.3032659409020215,898.9499999999999
147.04952564712886,175.0,18.0,28.0,15.42,0.9113924050632912,893.5
131.88127387006716,100.0,10.0,28.0,30.12,1.5561224489795915,832.0
156.52826278123314,184.0,12.0,28.0,15.57,0.9041916167664672,881.5
158.4905177932725,150.0,12.0,28.0,18.03,0.9065934065934066,876.0
117.38864720121684,107.0,6.0,28.0,42.64,1.6021505376344083,847.0
135.9137339941882,126.0,6.0,28.0,40.06,1.5142857142857142,799.0
122.87796107944696,142.0,11.0,28.0,40.87,1.844559585492228,789.5
156.52327527161572,200.0,13.0,28.0,15.09,0.9060773480662984,847.5
113.21043996985236,113.0,10.0,28.0,38.46,1.847058823529412,854.0
121.40878636208087,128.0,11.0,28.0,37.26,1.7637362637362637,825.0
137.0019079704727,107.0,11.0,28.0,31.87,1.4190476190476191,812.0
120.9562633285081,116.0,10.0,28.0,31.18,1.6428571428571428,815.5
126.30678303625824,113.0,8.0,28.0,36.8,1.7584269662921348,845.5
138.79163784045596,107.0,11.0,28.0,31.42,1.339366515837104,798.5
143.77378993748687,112.0,8.0,28.0,12.18,0.8260869565217391,904.0
141.17459090318107,120.0,10.0,28.0,23.84,1.4150943396226414,803.0
139.3993648410393,137.0,16.0,28.0,17.95,0.9367088607594936,916.0
128.50145720356943,138.0,11.0,28.0,40.68,1.6381909547738691,796.5
186.9559109060584,195.0,11.0,28.0,8.54,0.7181818181818181,805.5
168.26148092791226,185.0,16.0,28.0,13.46,0.9041916167664672,876.0
131.03533248706032,90.0,11.0,28.0,32.24,1.371859296482412,846.5
149.37664333915848,134.0,11.0,28.0,13.2,0.8011049723756906,895.5
166.401464113354,143.0,9.0,28.0,12.46,0.8031088082901554,872.0
157.63946263062917,166.0,10.0,28.0,13.29,0.75,883.0
152.75559986554975,182.0,15.0,28.0,15.52,0.8176795580110497,861.5
113.1323403256274,107.0,13.0,28.0,35.86,1.8170731707317076,868.5
160.50263065401705,179.0,8.0,28.0,10.54,0.7178217821782178,846.5
148.36996459056127,143.0,9.0,28.0,9.74,0.8031088082901554,872.5
126.31256662830242,113.0,8.0,28.0,36.8,1.7551820728291316,845.3
138.64530492528786,106.7,10.5,28.0,31.42,1.3369467028003612,798.8
143.92866319994903,111.9,7.9,28.0,12.18,0.8221258134490238,903.95
141.31471782484437,119.8,9.9,28.0,23.84,1.4174940898345154,802.9000000000001
139.374598077045,136.6,16.1,28.0,17.96,0.9367488931056294,915.95
128.18592708660088,137.9,10.8,28.0,38.63,1.6407035175879396,796.8
186.90905797336157,194.9,11.0,28.0,8.54,0.7209831588529814,805.3
168.26959887374574,185.3,15.6,28.0,13.46,0.904019196160768,876.25
131.05431565901046,89.6,10.6,28.0,32.25,1.3719174635128335,846.75
149.4923592132966,133.6,11.1,28.0,13.2,0.8008849557522124,895.5
166.47886740208935,142.8,9.1,28.0,12.46,0.8008277289187791,872.0500000000001
157.7625850176625,165.7,10.0,28.0,13.29,0.7475027746947835,882.95
152.65766664397142,182.1,15.0,28.0,15.53,0.8164277839029768,861.5999999999999
113.0657355780172,107.5,12.8,28.0,35.87,1.8221271393643037,868.6
160.45923643454165,178.9,7.8,28.0,10.54,0.720872583044125,846.35
148.48222175147782,142.8,9.1,28.0,9.74,0.8008277289187791,872.45
147.08946115338273,174.9,17.9,28.0,15.42,0.9065656565656564,893.6
131.81932835506893,99.6,9.8,28.0,30.12,1.5551020408163263,832.3
156.46942026298723,183.9,11.6,28.0,15.57,0.9057623049219689,881.7
158.59311024746285,150.4,11.7,28.0,18.03,0.906387665198238,876.0999999999999
117.30115680429452,107.0,6.1,28.0,42.64,1.5992489270386268,847.1
136.14409859305704,126.5,5.7,28.0,40.06,1.5159752026704816,798.55
122.72852516752648,141.6,11.0,28.0,40.87,1.84117951370926,789.9
156.4074927124861,200.1,12.6,28.0,15.09,0.9061810154525386,847.65
113.24953067318488,112.6,10.1,28.0,38.46,1.8469688051795172,854.0999999999999
121.34796520651491,127.9,11.5,28.0,37.27,1.7610958904109588,824.9000000000001
136.95237444248403,107.0,11.1,28.0,31.88,1.4220314735336197,811.9000000000001
120.79870947075416,115.6,10.4,28.0,31.18,1.643877551020408,815.65
51.23312899535063,89.11795022786126,2.5,28.0,79.99,3.333333333333333,858.0
48.61908858175559,89.11795022786126,2.5,28.0,61.89,3.333333333333333,865.5
26.068198926380774,63.77618865301275,6.033233830845772,3.0,41.3,3.746826516220028,872.9000000000001
26.068198926380774,63.77618865301275,6.033233830845772,7.0,46.9,3.746826516220028,872.9000000000001
26.068198926380774,63.77618865301275,6.033233830845772,28.0,56.4,3.746826516220028,872.9000000000001
26.068198926380774,63.77618865301275,6.033233830845772,56.0,58.8,3.746826516220028,872.9000000000001
26.068198926380774,63.77618865301275,6.033233830845772,91.0,59.2,3.746826516220028,872.9000000000001
27.49993535229612,75.6295201631938,4.0,28.0,67.57,3.571428571428572,909.5
62.00396682088183,93.2224244011388,11.3,28.0,78.8,2.7333333333333334,887.5
65.38781781404236,74.51364936361551,8.2,28.0,41.37,3.185185185185185,801.5
39.936264112190656,63.80472226682599,5.2,28.0,60.28,3.0588235294117645,855.0
63.692862627024056,78.40637448916334,6.9,28.0,56.83,2.854054054054054,820.0
51.25710407194924,69.86760441516111,5.2,28.0,51.02,2.9714285714285715,837.5
66.69560397990801,94.93681741803944,3.0,28.0,44.13,2.5005,868.8000000000001
65.38781781404236,74.51364936361551,8.3,28.0,41.37,3.185185185185185,801.5
75.07588708503101,102.26064108796676,9.5,28.0,58.52,2.932098765432099,853.0
71.00601445005225,102.02134013419789,9.0,28.0,69.84,3.3112582781456954,844.0
93.59518414852676,101.78706716729712,7.0,28.0,39.05,1.9684210526315788,871.5
86.11909770633372,97.5174652092802,3.0,28.0,44.86,1.8461538461538465,901.5
89.5885399649502,101.77454607552252,8.0,28.0,25.1,1.7584269662921348,911.0
86.05093672286404,97.48908647154992,3.4,28.0,44.87,1.8499175371083008,901.3
89.68033387801529,101.76887557946742,8.0,28.0,25.1,1.755755193711398,910.95
93.35359860707212,101.62250462315234,6.7,28.0,39.06,1.967928496319664,871.8
142.5,118.73644959945898,3.6116720878655855,45.85671641791045,40.27,1.4583333333333333,763.0
142.5,118.73644959945898,3.6116720878655855,45.85671641791045,41.05,1.4583333333333333,763.0
132.4,116.9407065478482,7.189624398218072,45.85671641791045,44.3,1.034375,901.95
114.0,118.78436048545532,3.6876396650174,90.0,47.03,1.1666666666666667,801.0
95.0,110.6497565754139,3.5574095327571413,45.85671641791045,43.7,1.6666666666666667,763.0
95.0,110.6497565754139,3.5574095327571413,28.0,36.45,1.6666666666666667,763.0
114.0,118.78436048545532,3.6876396650174,28.0,45.85,1.1666666666666667,801.0
132.4,116.9407065478482,7.189624398218072,90.0,38.07,1.034375,901.95
132.4,116.9407065478482,7.189624398218072,28.0,28.02,1.034375,901.95
47.5,102.56306355136888,3.503146977648697,45.85671641791045,43.01,1.875,763.0
190.0,131.7230693239274,3.774459753190911,90.0,42.33,0.8333333333333334,801.0
76.0,112.31500606621928,3.644229620930645,28.0,47.81,1.3333333333333333,801.0
209.4,129.74426135490685,6.423120238262477,90.0,39.36,0.7270833333333333,926.95
38.0,105.84565164698324,3.600819576843889,45.85671641791045,56.14,1.5,801.0
95.0,110.6497565754139,3.5574095327571413,90.0,40.56,1.6666666666666667,763.0
47.5,102.56306355136888,3.503146977648697,45.85671641791045,41.84,1.875,763.0
209.4,129.74426135490685,6.423120238262477,28.0,28.24,0.7270833333333333,926.95
209.4,129.74426135490685,6.423120238262477,3.0,8.06,0.7270833333333333,926.95
209.4,129.74426135490685,6.423120238262477,45.85671641791045,44.21,0.7270833333333333,926.95
95.0,110.6497565754139,3.5574095327571413,45.85671641791045,41.15,1.6666666666666667,763.0
38.0,105.84565164698324,3.600819576843889,45.85671641791045,52.12,1.5,801.0
47.5,102.56306355136888,3.503146977648697,28.0,37.43,1.875,763.0
76.0,112.31500606621928,3.644229620930645,45.85671641791045,55.26,1.3333333333333333,801.0
114.0,118.78436048545532,3.6876396650174,45.85671641791045,52.91,1.1666666666666667,801.0
132.4,116.9407065478482,7.189624398218072,45.85671641791045,41.72,1.034375,901.95
190.0,131.7230693239274,3.774459753190911,45.85671641791045,53.69,0.8333333333333334,801.0
237.5,134.90983564754907,3.7201971980824737,45.85671641791045,38.41,1.0416666666666667,763.0
237.5,134.90983564754907,3.7201971980824737,28.0,30.08,1.0416666666666667,763.0
142.5,118.73644959945898,3.6116720878655855,90.0,37.72,1.4583333333333333,763.0
237.5,134.90983564754907,3.7201971980824737,45.85671641791045,36.25,1.0416666666666667,763.0
38.0,105.84565164698324,3.600819576843889,90.0,50.46,1.5,801.0
47.5,102.56306355136888,3.503146977648697,45.85671641791045,43.7,1.875,763.0
237.5,134.90983564754907,3.7201971980824737,45.85671641791045,39.0,1.0416666666666667,763.0
47.5,102.56306355136888,3.503146977648697,90.0,41.54,1.875,763.0
47.5,102.56306355136888,3.503146977648697,7.0,35.08,1.875,763.0
95.0,110.6497565754139,3.5574095327571413,45.85671641791045,40.76,1.6666666666666667,763.0
237.5,134.90983564754907,3.7201971980824737,7.0,26.26,1.0416666666666667,763.0
95.0,110.6497565754139,3.5574095327571413,7.0,32.82,1.6666666666666667,763.0
142.5,118.73644959945898,3.6116720878655855,45.85671641791045,39.78,1.4583333333333333,763.0
190.0,131.7230693239274,3.774459753190911,45.85671641791045,46.93,0.8333333333333334,801.0
237.5,134.90983564754907,3.7201971980824737,90.0,33.12,1.0416666666666667,763.0
76.0,112.31500606621928,3.644229620930645,90.0,49.19,1.3333333333333333,801.0
209.4,129.74426135490685,6.423120238262477,7.0,14.59,0.7270833333333333,926.95
132.4,116.9407065478482,7.189624398218072,7.0,14.64,1.034375,901.95
132.4,116.9407065478482,7.189624398218072,3.0,9.13,1.034375,901.95
76.0,112.31500606621928,3.644229620930645,45.85671641791045,50.95,1.3333333333333333,801.0
142.5,118.73644959945898,3.6116720878655855,28.0,33.02,1.4583333333333333,763.0
76.0,112.31500606621928,3.644229620930645,45.85671641791045,54.38,1.3333333333333333,801.0
114.0,118.78436048545532,3.6876396650174,45.85671641791045,51.73,1.1666666666666667,801.0
190.0,131.7230693239274,3.774459753190911,45.85671641791045,50.66,0.8333333333333334,801.0
114.0,118.78436048545532,3.6876396650174,45.85671641791045,48.7,1.1666666666666667,801.0
38.0,105.84565164698324,3.600819576843889,45.85671641791045,55.06,1.5,801.0
209.4,129.74426135490685,6.423120238262477,45.85671641791045,44.7,0.7270833333333333,926.95
142.5,118.73644959945898,3.6116720878655855,7.0,30.28,1.4583333333333333,763.0
190.0,131.7230693239274,3.774459753190911,28.0,40.86,0.8333333333333334,801.0
200.0,141.79334995980778,5.384442460143731,28.0,49.25,1.0526315789473684,902.5
238.2,138.95052824070115,7.177065442035072,7.0,9.62,0.8551427032848682,887.4499999999999
72.04348258706467,135.57808719054492,8.28820939327646,7.0,25.42,1.2902530963920302,802.95
158.8,125.43298242787635,7.086361297285379,7.0,15.69,1.2827140549273022,887.4499999999999
272.8,137.9845415668147,7.493476877011837,28.0,27.94,0.979536887452881,863.3499999999999
290.2,137.4930359214251,7.652841079469042,28.0,32.63,1.0420032310177707,851.25
170.3,123.97107361960138,7.236782786233803,7.0,17.24,1.3758750673128703,875.4499999999999
181.9,122.5091648113264,7.389635482077992,7.0,19.77,1.4690360796984383,863.3499999999999
72.04348258706467,135.57808719054492,8.28820939327646,28.0,39.44,1.2902530963920302,802.95
147.2,126.91191585304408,6.931191631503538,28.0,25.75,1.1890145395799678,899.65
316.1,136.78982668712615,7.890900253623208,7.0,21.82,1.1346257404415725,833.15
238.2,138.95052824070115,7.177065442035072,28.0,21.07,0.8551427032848682,887.4499999999999
170.3,123.97107361960138,7.236782786233803,28.0,32.05,1.3758750673128703,875.4499999999999
135.7,127.63214970423576,6.69324669430749,7.0,11.96,1.0958535271943997,917.75
342.1,136.0695928359345,8.128845190819263,28.0,39.7,1.227786752827141,815.05
147.2,126.91191585304408,6.931191631503538,7.0,13.09,1.1890145395799678,899.65
210.7,118.84588048219253,7.770494499761526,28.0,38.7,1.702207862143242,833.15
203.5,139.17483995750428,6.770699351914914,7.0,7.51,0.7307485191168551,917.75
203.5,139.17483995750428,6.770699351914914,28.0,18.2,0.7307485191168551,917.75
290.2,137.4930359214251,7.652841079469042,7.0,17.2,1.0420032310177707,851.25
135.7,127.63214970423576,6.69324669430749,28.0,22.63,1.0958535271943997,917.75
193.5,121.03023138615868,7.542373940964062,7.0,21.86,1.5627355950457729,851.25
272.8,137.9845415668147,7.493476877011837,7.0,12.37,0.979536887452881,863.3499999999999
155.5,138.47604721220426,7.334112674554632,28.0,25.73,0.9170705438879916,875.4499999999999
316.1,136.78982668712615,7.890900253623208,28.0,37.81,1.1346257404415725,833.15
342.1,136.0695928359345,8.128845190819263,7.0,21.92,1.227786752827141,815.05
193.5,121.03023138615868,7.542373940964062,28.0,33.04,1.5627355950457729,851.25
158.8,125.43298242787635,7.086361297285379,28.0,26.91,1.2827140549273022,887.4499999999999
124.1,129.8357334695941,6.625486239815153,7.0,8.0,1.0026925148088317,923.85
210.7,118.84588048219253,7.770494499761526,7.0,24.44,1.702207862143242,833.15
124.1,129.8357334695941,6.625486239815153,28.0,17.6,1.0026925148088317,923.85
155.5,138.47604721220426,7.334112674554632,7.0,10.73,0.9170705438879916,875.4499999999999
181.9,122.5091648113264,7.389635482077992,28.0,31.38,1.4690360796984383,863.3499999999999
305.3,141.99209607031725,6.092094144249721,7.0,19.54,1.0,796.7
166.8,124.5333270316056,5.866129795206788,90.0,47.71,1.2294840294840297,835.85
236.0,130.59418729498077,7.759856455387222,90.0,43.38,0.8177083333333334,858.3
212.0,135.00371129471796,6.061038842580025,28.0,29.89,0.6943488943488944,860.15
250.2,138.95436000726443,5.9857154872390765,3.0,6.9,0.8196560196560198,834.1
183.9,130.53322909655776,6.247723222661207,90.0,33.19,0.6024570024570024,879.1500000000001
122.6,120.11197244045816,6.165539932852951,3.0,4.9,0.9036855036855036,879.6
153.0,116.10545996618018,8.411038851130577,3.0,4.57,0.53125,914.5
153.0,116.10545996618018,8.411038851130577,90.0,25.46,0.53125,914.5
183.9,130.53322909655776,6.247723222661207,28.0,24.29,0.6024570024570024,879.1500000000001
250.2,138.95436000726443,5.9857154872390765,28.0,33.95,0.8196560196560198,834.1
133.0,119.56522724569172,7.34605352902922,3.0,11.41,1.0416666666666667,885.8
162.4,125.7141682319426,6.507179797249535,28.0,20.59,0.5321867321867322,893.6
203.5,124.51270108210508,5.951488851922797,7.0,25.89,1.5002457002457004,798.2
162.4,125.7141682319426,6.507179797249535,90.0,29.23,0.5321867321867322,893.6
173.0,121.15359667117356,8.11788809087588,90.0,31.02,0.6041666666666666,900.85
212.0,135.00371129471796,6.061038842580025,7.0,10.39,0.6943488943488944,860.15
236.0,130.59418729498077,7.759856455387222,28.0,33.66,0.8177083333333334,858.3
200.0,126.0766658470684,7.884521601167442,28.0,27.87,0.6927083333333334,883.3
166.8,124.5333270316056,5.866129795206788,7.0,19.35,1.2294840294840297,835.85
116.0,116.6561232410445,7.602999749028797,7.0,11.39,0.9010416666666666,901.8
288.0,134.29217932375155,7.787947313125642,3.0,12.79,1.0,822.95
288.0,134.29217932375155,7.787947313125642,28.0,39.32,1.0,822.95
102.0,107.25973686033136,8.340621968008989,3.0,4.78,0.796875,915.55
192.0,117.6963776213259,7.651536557474088,3.0,16.11,1.5,824.9
203.5,124.51270108210508,5.951488851922797,28.0,43.38,1.5002457002457004,798.2
157.0,121.90629317420196,7.217404775857304,7.0,20.42,1.2291666666666667,860.85
116.0,116.6561232410445,7.602999749028797,3.0,6.94,0.9010416666666666,901.8
141.3,122.74480466443538,5.9608236580209,7.0,15.03,1.0417690417690415,861.7
157.0,121.90629317420196,7.217404775857304,3.0,13.57,1.2291666666666667,860.85
122.6,120.11197244045816,6.165539932852951,90.0,32.53,0.9036855036855036,879.6
250.2,138.95436000726443,5.9857154872390765,7.0,15.75,0.8196560196560198,834.1
153.0,116.10545996618018,8.411038851130577,7.0,7.68,0.53125,914.5
192.0,117.6963776213259,7.651536557474088,28.0,38.8,1.5,824.9
141.3,122.74480466443538,5.9608236580209,28.0,33.0,1.0417690417690415,861.7
153.0,116.10545996618018,8.411038851130577,28.0,17.28,0.53125,914.5
116.0,116.6561232410445,7.602999749028797,28.0,24.28,0.9010416666666666,901.8
122.6,120.11197244045816,6.165539932852951,28.0,24.05,0.9036855036855036,879.6
200.0,126.0766658470684,7.884521601167442,90.0,36.59,0.6927083333333334,883.3
288.0,134.29217932375155,7.787947313125642,90.0,50.73,1.0,822.95
200.0,126.0766658470684,7.884521601167442,7.0,13.66,0.6927083333333334,883.3
203.5,124.51270108210508,5.951488851922797,3.0,14.14,1.5002457002457004,798.2
157.0,121.90629317420196,7.217404775857304,90.0,47.78,1.2291666666666667,860.85
162.4,125.7141682319426,6.507179797249535,3.0,2.33,0.5321867321867322,893.6
236.0,130.59418729498077,7.759856455387222,7.0,16.89,0.8177083333333334,858.3
192.0,117.6963776213259,7.651536557474088,7.0,23.52,1.5,824.9
141.3,122.74480466443538,5.9608236580209,3.0,6.81,1.0417690417690415,861.7
141.3,122.74480466443538,5.9608236580209,90.0,39.7,1.0417690417690415,861.7
102.0,107.25973686033136,8.340621968008989,28.0,17.96,0.796875,915.55
157.0,121.90629317420196,7.217404775857304,28.0,32.88,1.2291666666666667,860.85
173.0,121.15359667117356,8.11788809087588,28.0,22.35,0.6041666666666666,900.85
122.6,120.11197244045816,6.165539932852951,7.0,10.79,0.9036855036855036,879.6
162.4,125.7141682319426,6.507179797249535,7.0,7.72,0.5321867321867322,893.6
305.3,141.99209607031725,6.092094144249721,28.0,41.68,1.0,796.7
305.3,141.99209607031725,6.092094144249721,3.0,9.56,1.0,796.7
200.0,126.0766658470684,7.884521601167442,3.0,6.88,0.6927083333333334,883.3
192.0,117.6963776213259,7.651536557474088,90.0,50.53,1.5,824.9
133.0,119.56522724569172,7.34605352902922,7.0,17.17,1.0416666666666667,885.8
133.0,119.56522724569172,7.34605352902922,28.0,30.44,1.0416666666666667,885.8
166.8,124.5333270316056,5.866129795206788,3.0,9.73,1.2294840294840297,835.85
183.9,130.53322909655776,6.247723222661207,3.0,3.32,0.6024570024570024,879.1500000000001
102.0,107.25973686033136,8.340621968008989,90.0,26.32,0.796875,915.55
133.0,119.56522724569172,7.34605352902922,90.0,43.25,1.0416666666666667,885.8
173.0,121.15359667117356,8.11788809087588,3.0,6.28,0.6041666666666666,900.85
116.0,116.6561232410445,7.602999749028797,90.0,32.1,0.9010416666666666,901.8
166.8,124.5333270316056,5.866129795206788,28.0,36.96,1.2294840294840297,835.85
203.5,124.51270108210508,5.951488851922797,90.0,54.6,1.5002457002457004,798.2
288.0,134.29217932375155,7.787947313125642,7.0,21.48,1.0,822.95
236.0,130.59418729498077,7.759856455387222,3.0,9.69,0.8177083333333334,858.3
102.0,107.25973686033136,8.340621968008989,7.0,8.37,0.796875,915.55
212.0,135.00371129471796,6.061038842580025,90.0,39.66,0.6943488943488944,860.15
173.0,121.15359667117356,8.11788809087588,7.0,10.09,0.6041666666666666,900.85
212.0,135.00371129471796,6.061038842580025,3.0,4.83,0.6943488943488944,860.15
183.9,130.53322909655776,6.247723222661207,7.0,10.35,0.6024570024570024,879.1500000000001
250.2,138.95436000726443,5.9857154872390765,90.0,43.57,0.8196560196560198,834.1
305.3,141.99209607031725,6.092094144249721,90.0,51.86,1.0,796.7
76.90871894800443,60.0,5.879931894150808,28.0,64.02,2.58974358974359,830.0
113.61468594945283,143.6,10.022103279863993,3.0,14.4,1.0073260073260073,953.25
113.61468594945283,143.6,10.022103279863993,14.0,16.88,1.0073260073260073,953.25
113.61468594945283,143.6,10.022103279863993,28.0,26.2,1.0073260073260073,953.25
113.61468594945283,143.6,10.022103279863993,56.0,36.56,1.0073260073260073,953.25
113.61468594945283,143.6,10.022103279863993,100.0,37.96,1.0073260073260073,953.25
113.54549281430133,94.47637052732388,3.448884422540253,28.0,39.29,2.083333333333333,763.0
122.52780630423194,99.37629722774722,3.5574095327571413,90.0,52.91,1.6666666666666667,801.0
113.54549281430133,94.47637052732388,3.448884422540253,45.85671641791045,42.62,2.083333333333333,763.0
122.52780630423194,99.37629722774722,3.5574095327571413,45.85671641791045,52.52,1.6666666666666667,801.0
122.52780630423194,99.37629722774722,3.5574095327571413,45.85671641791045,53.3,1.6666666666666667,801.0
113.54549281430133,94.47637052732388,3.448884422540253,7.0,38.6,2.083333333333333,763.0
113.54549281430133,94.47637052732388,3.448884422540253,45.85671641791045,42.13,2.083333333333333,763.0
113.54549281430133,94.47637052732388,3.448884422540253,90.0,42.23,2.083333333333333,763.0
122.52780630423194,99.37629722774722,3.5574095327571413,45.85671641791045,53.1,1.6666666666666667,801.0
74.17589872071153,94.09471358153772,6.1839080479528405,3.0,15.05,1.8177083333333333,926.95
113.54549281430133,94.47637052732388,3.448884422540253,45.85671641791045,41.93,2.083333333333333,763.0
87.62412612054175,94.25207504479266,7.15231908201239,3.0,9.87,1.6145833333333333,910.8
20.196058282806348,84.42032633518829,10.2382479087619,28.0,71.99,3.3219178082191783,960.0
85.5859230866264,89.97949338885138,4.177627793385987,3.0,16.28,1.7520969245107176,882.95
85.5859230866264,89.97949338885138,4.177627793385987,14.0,25.62,1.7520969245107176,882.95
85.5859230866264,89.97949338885138,4.177627793385987,28.0,31.97,1.7520969245107176,882.95
85.5859230866264,89.97949338885138,4.177627793385987,56.0,36.3,1.7520969245107176,882.95
85.5859230866264,89.97949338885138,4.177627793385987,100.0,43.06,1.7520969245107176,882.95
74.86000740994643,105.7627628976299,7.116252984313974,28.0,52.3,2.3142857142857145,907.5
107.20765715378298,85.17799753940847,5.73930528099504,28.0,23.85,2.0,779.05
91.9067959672127,91.19667047594017,7.878927636094978,90.0,32.07,1.5052083333333333,904.25
91.9067959672127,91.19667047594017,7.878927636094978,3.0,11.65,1.5052083333333333,904.25
84.68403257149043,89.76341746591311,7.427045854926902,3.0,19.2,2.046875,863.1
84.68403257149043,89.76341746591311,7.427045854926902,90.0,48.85,2.046875,863.1
84.68403257149043,89.76341746591311,7.427045854926902,28.0,39.6,2.046875,863.1
78.28396052444305,85.83978913922454,7.381146253066738,28.0,43.94,2.5,824.2
78.28396052444305,85.83978913922454,7.381146253066738,7.0,34.57,2.5,824.2
78.28396052444305,85.83978913922454,7.381146253066738,90.0,54.32,2.5,824.2
78.28396052444305,85.83978913922454,7.381146253066738,3.0,24.4,2.5,824.2
89.48692619570988,91.52309309079892,7.609854753901786,3.0,15.62,1.734375,886.9000000000001
92.92872556712376,89.61279114605878,8.202219408661584,90.0,21.86,1.328125,917.4
92.92872556712376,89.61279114605878,8.202219408661584,7.0,10.22,1.328125,917.4
91.9067959672127,91.19667047594017,7.878927636094978,7.0,14.6,1.5052083333333333,904.25
92.92872556712376,89.61279114605878,8.202219408661584,28.0,18.75,1.328125,917.4
89.48692619570988,91.52309309079892,7.609854753901786,28.0,31.97,1.734375,886.9000000000001
89.48692619570988,91.52309309079892,7.609854753901786,7.0,23.4,1.734375,886.9000000000001
91.9067959672127,91.19667047594017,7.878927636094978,28.0,25.57,1.5052083333333333,904.25
89.48692619570988,91.52309309079892,7.609854753901786,90.0,41.68,1.734375,886.9000000000001
84.68403257149043,89.76341746591311,7.427045854926902,7.0,27.74,2.046875,863.1
92.92872556712376,89.61279114605878,8.202219408661584,3.0,8.2,1.328125,917.4
80.28424872676317,98.39789080222684,6.904953007785991,28.0,33.08,2.13785675821217,887.4499999999999
82.23989822808852,100.12478529458885,6.833993918466206,7.0,24.07,2.0597738287560583,893.55
93.808834865392,110.4350783980826,6.403034257881615,7.0,14.84,1.592891760904685,930.35
80.28424872676317,98.39789080222684,6.904953007785991,7.0,25.45,2.13785675821217,887.4499999999999
60.149265822308166,93.6369814666588,6.144787766607649,28.0,22.49,2.053850296176629,944.45
93.808834865392,110.4350783980826,6.403034257881615,28.0,25.22,1.592891760904685,930.35
101.78015734967607,117.2915825168524,6.135873637998486,28.0,17.58,1.2821755519655358,954.05
88.07819885338836,105.27141953788936,6.623319383486383,7.0,21.18,1.826602046311255,911.75
60.149265822308166,93.6369814666588,6.144787766607649,7.0,14.54,2.053850296176629,944.45
88.07819885338836,105.27141953788936,6.623319383486383,28.0,31.9,1.826602046311255,911.75
101.78015734967607,117.2915825168524,6.135873637998486,7.0,10.34,1.2821755519655358,954.05
99.85625872377943,115.58171264138316,6.206946964276391,28.0,19.77,1.3597199784598817,947.95
82.23989822808852,100.12478529458885,6.833993918466206,28.0,37.44,2.0597738287560583,893.55
99.85625872377943,115.58171264138316,6.206946964276391,7.0,11.48,1.3597199784598817,947.95
98.3365338085962,98.28518412600384,6.601626658809366,3.0,13.22,1.7208121827411167,874.5
98.3365338085962,98.28518412600384,6.601626658809366,7.0,20.97,1.7208121827411167,874.5
98.3365338085962,98.28518412600384,6.601626658809366,14.0,27.04,1.7208121827411167,874.5
98.3365338085962,98.28518412600384,6.601626658809366,28.0,32.04,1.7208121827411167,874.5
98.3365338085962,98.28518412600384,6.601626658809366,90.0,35.17,1.7208121827411167,874.5
98.3365338085962,98.28518412600384,6.601626658809366,45.85671641791045,36.45,1.7208121827411167,874.5
98.3365338085962,98.28518412600384,6.601626658809366,45.85671641791045,38.89,1.7208121827411167,874.5
102.05538432375852,101.20602087167757,7.051709810946406,3.0,6.47,1.2164948453608246,926.5
102.05538432375852,101.20602087167757,7.051709810946406,14.0,12.84,1.2164948453608246,926.5
102.05538432375852,101.20602087167757,7.051709810946406,28.0,18.42,1.2164948453608246,926.5
102.05538432375852,101.20602087167757,7.051709810946406,90.0,21.95,1.2164948453608246,926.5
102.05538432375852,101.4767943561772,7.162516172703178,45.85671641791045,24.1,1.2227979274611398,926.5
102.05538432375852,101.4767943561772,7.162516172703178,45.85671641791045,25.08,1.2227979274611398,926.5
97.11975601446623,99.339963150242,7.337291743386274,14.0,21.26,1.450261780104712,912.0
97.11975601446623,99.339963150242,7.337291743386274,28.0,25.97,1.450261780104712,912.0
97.11975601446623,99.339963150242,7.337291743386274,3.0,11.36,1.450261780104712,912.0
97.11975601446623,99.339963150242,7.337291743386274,90.0,31.25,1.450261780104712,912.0
97.11975601446623,99.339963150242,7.337291743386274,45.85671641791045,32.33,1.450261780104712,912.0
97.11975601446623,99.339963150242,7.337291743386274,45.85671641791045,33.7,1.450261780104712,912.0
102.4715741108372,100.32186570415492,6.587921711457184,3.0,9.31,1.2828282828282829,915.5
102.4715741108372,100.32186570415492,6.587921711457184,90.0,26.94,1.2828282828282829,915.5
102.4715741108372,100.32186570415492,6.587921711457184,45.85671641791045,27.63,1.2828282828282829,915.5
102.4715741108372,100.32186570415492,6.587921711457184,45.85671641791045,29.79,1.2828282828282829,915.5
99.85718811435596,100.21777073575817,7.081407932435823,45.85671641791045,34.49,1.5906735751295338,890.0
99.85718811435596,100.21777073575817,7.081407932435823,45.85671641791045,36.15,1.5906735751295338,890.0
99.85718811435596,100.21777073575817,7.081407932435823,3.0,12.54,1.5906735751295338,890.0
99.85718811435596,100.21777073575817,7.081407932435823,28.0,27.53,1.5906735751295338,890.0
99.85718811435596,100.21777073575817,7.081407932435823,90.0,32.92,1.5906735751295338,890.0
102.05538432375852,101.4767943561772,7.162516172703178,7.0,9.99,1.2227979274611398,926.5
97.27331411454088,117.05911139272077,6.735626767288167,7.0,7.84,1.1111111111111112,985.0
97.27331411454088,117.05911139272077,6.735626767288167,28.0,12.25,1.1111111111111112,985.0
94.77119887780384,114.3122035820395,6.742133579746678,7.0,11.17,1.2430939226519335,973.0
94.77119887780384,114.3122035820395,6.742133579746678,28.0,17.34,1.2430939226519335,973.0
85.66867186760237,103.89201580664752,6.90327926029515,7.0,17.54,1.766304347826087,923.0
85.66867186760237,103.89201580664752,6.90327926029515,28.0,30.57,1.766304347826087,923.0
90.21993537270316,108.96672295209368,6.767303239142528,7.0,14.2,1.5027322404371584,948.0
90.21993537270316,108.96672295209368,6.767303239142528,28.0,24.5,1.5027322404371584,948.0
88.17078710433947,106.36815013282911,6.785966086079874,7.0,15.58,1.6304347826086956,935.0
88.17078710433947,106.36815013282911,6.785966086079874,28.0,26.85,1.6304347826086956,935.0
81.11740836250175,98.54653517670172,6.928448919690993,7.0,26.06,2.0161290322580645,898.0
81.11740836250175,98.54653517670172,6.928448919690993,28.0,38.21,2.0161290322580645,898.0
79.06826009413805,95.94796235743716,6.947111766628346,28.0,43.7,2.1390374331550803,885.0
79.06826009413805,95.94796235743716,6.947111766628346,7.0,30.14,2.1390374331550803,885.0
92.7220506094402,111.71363076277493,6.760796426684017,7.0,12.73,1.3736263736263736,960.0
92.7220506094402,111.71363076277493,6.760796426684017,28.0,20.87,1.3736263736263736,960.0
83.61952359923873,101.02266950288332,6.811135745475724,7.0,20.28,1.881720430107527,910.0
83.61952359923873,101.02266950288332,6.811135745475724,28.0,34.29,1.881720430107527,910.0
86.22025303720375,97.30777586797598,6.653921668380093,3.0,11.85,1.6145833333333333,921.0
86.22025303720375,97.30777586797598,6.653921668380093,7.0,17.24,1.6145833333333333,921.0
86.22025303720375,97.30777586797598,6.653921668380093,28.0,27.83,1.6145833333333333,921.0
86.22025303720375,97.30777586797598,6.653921668380093,90.0,35.76,1.6145833333333333,921.0
86.22025303720375,97.30777586797598,6.653921668380093,120.0,38.7,1.6145833333333333,921.0
79.79534597256202,95.06762124325346,6.4719034589493845,3.0,14.31,1.7239583333333333,923.0
79.79534597256202,95.06762124325346,6.4719034589493845,7.0,17.44,1.7239583333333333,923.0
79.79534597256202,95.06762124325346,6.4719034589493845,28.0,31.74,1.7239583333333333,923.0
79.79534597256202,95.06762124325346,6.4719034589493845,90.0,37.91,1.7239583333333333,923.0
79.79534597256202,95.06762124325346,6.4719034589493845,120.0,39.38,1.7239583333333333,923.0
72.02220949687364,93.78321009956272,6.074503737643312,3.0,15.87,1.8177083333333333,932.5
72.02220949687364,93.78321009956272,6.074503737643312,7.0,9.01,1.8177083333333333,932.5
72.02220949687364,93.78321009956272,6.074503737643312,28.0,33.61,1.8177083333333333,932.5
72.02220949687364,93.78321009956272,6.074503737643312,90.0,40.66,1.8177083333333333,932.5
72.02220949687364,93.78321009956272,6.074503737643312,120.0,40.86,1.8177083333333333,932.5
101.86066363516376,117.27187558582024,6.100314759533809,7.0,12.05,1.2795698924731185,954.0
101.86066363516376,117.27187558582024,6.100314759533809,28.0,17.54,1.2795698924731185,954.0
94.07291950204323,110.36429761637226,6.386582323708701,7.0,18.91,1.5913978494623655,929.5
94.07291950204323,110.36429761637226,6.386582323708701,28.0,25.18,1.5913978494623655,929.5
112.22329505441876,115.38577614702834,6.993241678069296,7.0,30.96,1.596774193548387,887.0
75.86627545091415,84.53444121475786,7.383577459962503,28.0,43.89,2.5,828.5
75.86627545091415,84.53444121475786,7.383577459962503,90.0,54.28,2.5,828.5
80.47241962554705,98.36115925430192,6.879004719946252,28.0,36.94,2.134408602150537,887.0
95.00229172635,112.17631519319788,6.233533384723444,7.0,14.5,1.510752688172043,939.0
95.00229172635,112.44708867769752,6.344339746480216,28.0,22.44,1.518918918918919,939.0
66.67853276028666,94.98350903321553,4.176788657783639,1.0,12.64,2.5,869.0
66.67853276028666,94.98350903321553,4.176788657783639,3.0,26.06,2.5,869.0
66.67853276028666,94.98350903321553,4.176788657783639,7.0,33.21,2.5,869.0
66.67853276028666,94.98350903321553,4.176788657783639,14.0,36.94,2.5,869.0
66.67853276028666,94.98350903321553,4.176788657783639,28.0,44.09,2.5,869.0
53.97818258873792,95.48454635761524,7.122865641967238,7.0,52.61,3.121387283236994,869.0
53.97818258873792,95.48454635761524,7.122865641967238,14.0,59.76,3.121387283236994,869.0
53.97818258873792,95.48454635761524,7.122865641967238,28.0,67.31,3.121387283236994,869.0
53.97818258873792,95.48454635761524,7.122865641967238,90.0,69.66,3.121387283236994,869.0
53.97818258873792,95.48454635761524,7.122865641967238,45.85671641791045,71.62,3.121387283236994,869.0
53.97818258873792,95.48454635761524,7.122865641967238,45.85671641791045,74.17,3.121387283236994,869.0
95.47050699078476,95.6778453093061,5.851286216002194,7.0,18.13,1.7241379310344829,874.5
95.47050699078476,95.6778453093061,5.851286216002194,14.0,22.53,1.7241379310344829,874.5
95.47050699078476,95.6778453093061,5.851286216002194,28.0,27.34,1.7241379310344829,874.5
95.47050699078476,95.6778453093061,5.851286216002194,56.0,29.98,1.7241379310344829,874.5
95.47050699078476,95.6778453093061,5.851286216002194,90.0,31.35,1.7241379310344829,874.5
95.47050699078476,95.6778453093061,5.851286216002194,45.85671641791045,32.72,1.7241379310344829,874.5
89.0962267675352,96.10239853034574,7.792259706354919,1.0,6.27,2.0698924731182795,864.5
89.0962267675352,96.10239853034574,7.792259706354919,3.0,14.7,2.0698924731182795,864.5
89.0962267675352,96.10239853034574,7.792259706354919,7.0,23.22,2.0698924731182795,864.5
89.0962267675352,96.10239853034574,7.792259706354919,14.0,27.92,2.0698924731182795,864.5
89.0962267675352,96.10239853034574,7.792259706354919,28.0,31.35,2.0698924731182795,864.5
86.87121550529139,94.47428127758678,7.043237079454698,45.85671641791045,39.0,1.7239583333333333,901.5
86.87121550529139,94.47428127758678,7.043237079454698,45.85671641791045,41.24,1.7239583333333333,901.5
74.42672656743184,94.22821507381272,6.1839080479528405,3.0,14.99,1.8177083333333333,926.5
86.87121550529139,94.47428127758678,7.043237079454698,3.0,13.52,1.7239583333333333,901.5
82.62167737619808,100.17317683112752,6.81104802231286,7.0,24.0,2.053763440860215,893.0
82.62167737619808,100.17317683112752,6.81104802231286,28.0,37.42,2.053763440860215,893.0
58.92704594217446,93.49810221737752,6.033061815667324,7.0,11.47,2.053763440860215,947.5
95.00229172635,112.17631519319788,6.233533384723444,28.0,22.44,1.510752688172043,939.0
88.26016375866755,105.53951070824957,6.703543517528132,7.0,21.16,1.8324324324324324,911.5
88.26016375866755,105.53951070824957,6.703543517528132,28.0,31.84,1.8324324324324324,911.5
98.05008483536494,110.80531726979916,6.753807779102274,7.0,14.8,1.5945945945945943,919.0
98.05008483536494,110.80531726979916,6.753807779102274,28.0,25.18,1.5945945945945943,919.0
102.0349329960701,117.5426490703199,6.223277155769416,28.0,17.54,1.2864864864864864,953.5
96.05905673644328,109.33299667504107,5.782524325562264,7.0,14.2,1.5416666666666667,925.0
96.05905673644328,109.33299667504107,5.782524325562264,28.0,21.65,1.5416666666666667,925.0
96.05905673644328,109.33299667504107,5.782524325562264,90.0,29.39,1.5416666666666667,925.0
104.1238822350184,94.47428127758678,8.246684492859508,3.0,13.52,1.7239583333333333,852.0
86.87121550529139,94.47428127758678,7.043237079454698,7.0,16.26,1.7239583333333333,901.5
86.87121550529139,94.47428127758678,7.043237079454698,28.0,31.45,1.7239583333333333,901.5
86.87121550529139,94.47428127758678,7.043237079454698,90.0,37.23,1.7239583333333333,901.5
74.42672656743184,94.22821507381272,6.1839080479528405,7.0,18.13,1.8177083333333333,926.5
74.42672656743184,94.22821507381272,6.1839080479528405,28.0,32.72,1.8177083333333333,926.5
74.42672656743184,94.22821507381272,6.1839080479528405,90.0,39.49,1.8177083333333333,926.5
74.42672656743184,94.22821507381272,6.1839080479528405,45.85671641791045,41.05,1.8177083333333333,926.5
74.42672656743184,94.22821507381272,6.1839080479528405,45.85671641791045,42.13,1.8177083333333333,926.5
99.00562768302616,97.61959177831474,5.906119955901254,14.0,18.13,1.4876847290640394,895.5
99.00562768302616,97.61959177831474,5.906119955901254,45.85671641791045,26.74,1.4876847290640394,895.5
58.74081390306867,93.70586313952997,5.367099397577363,45.85671641791045,61.92,2.7777777777777777,869.0
66.67853276028666,94.98350903321553,4.176788657783639,90.0,47.22,2.5,869.0
66.67853276028666,94.98350903321553,4.176788657783639,45.85671641791045,51.04,2.5,869.0
66.67853276028666,94.98350903321553,4.176788657783639,45.85671641791045,55.16,2.5,869.0
53.97818258873792,95.48454635761524,7.122865641967238,3.0,41.64,3.121387283236994,869.0
100.20318399970768,115.90087766242152,6.292376222984046,7.0,13.71,1.3621621621621622,947.5
100.20318399970768,115.90087766242152,6.292376222984046,28.0,19.69,1.3621621621621622,947.5
89.82858800682448,105.53951070824957,6.812947827837661,28.0,31.65,1.8324324324324324,907.0
92.4806481541255,93.85746322901312,7.434339475614202,3.0,19.11,2.046875,849.0
92.4806481541255,93.85746322901312,7.434339475614202,28.0,39.58,2.046875,849.0
92.4806481541255,93.85746322901312,7.434339475614202,90.0,48.79,2.046875,849.0
82.62167737619808,100.4439503156272,6.921854384069633,7.0,24.0,2.0648648648648646,893.0
82.62167737619808,100.4439503156272,6.921854384069633,28.0,37.42,2.0648648648648646,893.0
100.20318399970768,115.63010417792184,6.181569861227274,7.0,11.47,1.3548387096774193,947.5
87.9656140459283,94.34107603964264,7.164475116491232,7.0,14.99,1.6145833333333333,910.0
87.9656140459283,94.34107603964264,7.164475116491232,28.0,27.92,1.6145833333333333,910.0
87.9656140459283,94.34107603964264,7.164475116491232,90.0,34.68,1.6145833333333333,910.0
87.9656140459283,94.34107603964264,7.164475116491232,45.85671641791045,37.33,1.6145833333333333,910.0
87.9656140459283,94.34107603964264,7.164475116491232,45.85671641791045,38.11,1.6145833333333333,910.0
58.74081390306867,93.70586313952997,5.367099397577363,3.0,33.8,2.7777777777777777,869.0
58.74081390306867,93.70586313952997,5.367099397577363,7.0,42.42,2.7777777777777777,869.0
58.74081390306867,93.70586313952997,5.367099397577363,14.0,48.4,2.7777777777777777,869.0
58.74081390306867,93.70586313952997,5.367099397577363,28.0,55.94,2.7777777777777777,869.0
58.74081390306867,93.70586313952997,5.367099397577363,90.0,58.78,2.7777777777777777,869.0
58.74081390306867,93.70586313952997,5.367099397577363,45.85671641791045,67.11,2.7777777777777777,869.0
97.39331192419206,96.7363632538528,5.883272564276645,14.0,20.77,1.5862068965517242,887.0
97.39331192419206,96.7363632538528,5.883272564276645,28.0,25.18,1.5862068965517242,887.0
97.39331192419206,96.7363632538528,5.883272564276645,45.85671641791045,29.59,1.5862068965517242,887.0
99.00562768302616,97.61959177831474,5.906119955901254,28.0,21.75,1.4876847290640394,895.5
80.47241962554705,98.63193273880157,6.989811081703024,28.0,39.09,2.145945945945946,887.0
75.86627545091415,84.53444121475786,7.383577459962503,3.0,24.39,2.5,828.5
20.729600900303467,63.88105890887943,12.918931957515746,7.0,50.51,3.5753424657534247,896.0
20.729600900303467,63.88105890887943,12.918931957515746,28.0,74.99,3.5753424657534247,896.0
